{
  "total_samples": 251,
  "mean_prediction": 0.4915143549442291,
  "mean_target": 0.48434939980506897,
  "std_prediction": 0.22860309481620789,
  "std_target": 0.23919013142585754,
  "correlation": 0.9366793513562223,
  "max_error": 0.15431419014930725,
  "min_error": 0.0004496276378631592,
  "error_std": 0.08388552814722061
}