{
  "MSE": 0.007088118698447943,
  "RMSE": 0.08419096565812714,
  "MAE": 0.0719461515545845,
  "R\u00b2": 0.8761076927185059,
  "MAPE": 23.394927978515625
}